Generation,RBS,ORF,Terminator 
0,80.0,79.66101694915254,74.48979591836735
1,80.0,79.66101694915254,74.48979591836735
2,80.0,79.66101694915254,74.48979591836735
