Generation,Pct_Slow,Pct_Fast,Rate,Mutation_loc,Mutation,Transcript 
0_popA,45.83333333333333,54.166666666666664,0,0,2.122,100,50,50,50,100,100,100,100,50,100,50,100,100,100,100,100,50,100,50,50,100,50,100,100,50,50,50,100,50,100,50,100,50,100,50,100,100,50,50,50,100,100,100,100,50,50,100,100,50,100,100,100,50,100,100,100,100,100,100,100,50,100,50,50,100,50,100,50,100,50,50,50,50,50,100,50,50,100,50,50,50,50,50,50,50,100,100,100,100,100,100,100,100,50,50,100,100,100,100,100,50,50,50,50,100,100,100,50,100,100,50,50,100,50,100,50,50,100,100,50
1_popB,45.83333333333333,54.166666666666664,88,1,2.122,100,50,50,50,100,100,100,100,50,100,50,100,100,100,100,100,50,100,50,50,100,50,100,100,50,50,50,100,50,100,50,100,50,100,50,100,100,50,50,50,100,100,100,100,50,50,100,100,50,100,100,100,50,100,100,100,100,100,100,100,50,100,50,50,100,50,100,50,100,50,50,50,50,50,100,50,50,100,50,50,50,50,50,50,50,100,100,100,100,100,100,100,100,50,50,100,100,100,100,100,50,50,50,50,100,100,100,50,100,100,50,50,100,50,100,50,50,100,100,50
2_popB,45.83333333333333,54.166666666666664,48,0,2.122,100,50,50,50,100,100,100,100,50,100,50,100,100,100,100,100,50,100,50,50,100,50,100,100,50,50,50,100,50,100,50,100,50,100,50,100,100,50,50,50,100,100,100,100,50,50,100,100,50,100,100,100,50,100,100,100,100,100,100,100,50,100,50,50,100,50,100,50,100,50,50,50,50,50,100,50,50,100,50,50,50,50,50,50,50,100,100,100,100,100,100,100,100,50,50,100,100,100,100,100,50,50,50,50,100,100,100,50,100,100,50,50,100,50,100,50,50,100,100,50
